instance,solver,metric
1,NaiveGreedyGraphColoringHeuristic,2
1,MultiStartGreedyGraphColoringHeuristic,3
1,DSATUR,2
2,NaiveGreedyGraphColoringHeuristic,2
2,MultiStartGreedyGraphColoringHeuristic,3
2,DSATUR,2
3,NaiveGreedyGraphColoringHeuristic,2
3,MultiStartGreedyGraphColoringHeuristic,3
3,DSATUR,2
4,NaiveGreedyGraphColoringHeuristic,2
4,MultiStartGreedyGraphColoringHeuristic,3
4,DSATUR,2
5,NaiveGreedyGraphColoringHeuristic,3
5,MultiStartGreedyGraphColoringHeuristic,3
5,DSATUR,3
6,NaiveGreedyGraphColoringHeuristic,3
6,MultiStartGreedyGraphColoringHeuristic,3
6,DSATUR,3
7,NaiveGreedyGraphColoringHeuristic,2
7,MultiStartGreedyGraphColoringHeuristic,3
7,DSATUR,2
8,NaiveGreedyGraphColoringHeuristic,3
8,MultiStartGreedyGraphColoringHeuristic,3
8,DSATUR,3
9,NaiveGreedyGraphColoringHeuristic,2
9,MultiStartGreedyGraphColoringHeuristic,3
9,DSATUR,2
10,NaiveGreedyGraphColoringHeuristic,2
10,MultiStartGreedyGraphColoringHeuristic,3
10,DSATUR,2
11,NaiveGreedyGraphColoringHeuristic,2
11,MultiStartGreedyGraphColoringHeuristic,3
11,DSATUR,2
12,NaiveGreedyGraphColoringHeuristic,3
12,MultiStartGreedyGraphColoringHeuristic,3
12,DSATUR,3
13,NaiveGreedyGraphColoringHeuristic,3
13,MultiStartGreedyGraphColoringHeuristic,3
13,DSATUR,3
14,NaiveGreedyGraphColoringHeuristic,3
14,MultiStartGreedyGraphColoringHeuristic,3
14,DSATUR,3
15,NaiveGreedyGraphColoringHeuristic,3
15,MultiStartGreedyGraphColoringHeuristic,3
15,DSATUR,3
16,NaiveGreedyGraphColoringHeuristic,3
16,MultiStartGreedyGraphColoringHeuristic,3
16,DSATUR,3
17,NaiveGreedyGraphColoringHeuristic,2
17,MultiStartGreedyGraphColoringHeuristic,3
17,DSATUR,2
18,NaiveGreedyGraphColoringHeuristic,3
18,MultiStartGreedyGraphColoringHeuristic,3
18,DSATUR,3
19,NaiveGreedyGraphColoringHeuristic,2
19,MultiStartGreedyGraphColoringHeuristic,3
19,DSATUR,2
20,NaiveGreedyGraphColoringHeuristic,3
20,MultiStartGreedyGraphColoringHeuristic,3
20,DSATUR,3
21,NaiveGreedyGraphColoringHeuristic,3
21,MultiStartGreedyGraphColoringHeuristic,3
21,DSATUR,3
22,NaiveGreedyGraphColoringHeuristic,2
22,MultiStartGreedyGraphColoringHeuristic,3
22,DSATUR,2
23,NaiveGreedyGraphColoringHeuristic,2
23,MultiStartGreedyGraphColoringHeuristic,3
23,DSATUR,2
24,NaiveGreedyGraphColoringHeuristic,2
24,MultiStartGreedyGraphColoringHeuristic,3
24,DSATUR,2
25,NaiveGreedyGraphColoringHeuristic,3
25,MultiStartGreedyGraphColoringHeuristic,3
25,DSATUR,3
26,NaiveGreedyGraphColoringHeuristic,3
26,MultiStartGreedyGraphColoringHeuristic,3
26,DSATUR,3
27,NaiveGreedyGraphColoringHeuristic,2
27,MultiStartGreedyGraphColoringHeuristic,3
27,DSATUR,2
28,NaiveGreedyGraphColoringHeuristic,2
28,MultiStartGreedyGraphColoringHeuristic,3
28,DSATUR,2
29,NaiveGreedyGraphColoringHeuristic,3
29,MultiStartGreedyGraphColoringHeuristic,3
29,DSATUR,3
30,NaiveGreedyGraphColoringHeuristic,3
30,MultiStartGreedyGraphColoringHeuristic,3
30,DSATUR,3
31,NaiveGreedyGraphColoringHeuristic,3
31,MultiStartGreedyGraphColoringHeuristic,3
31,DSATUR,3
32,NaiveGreedyGraphColoringHeuristic,3
32,MultiStartGreedyGraphColoringHeuristic,3
32,DSATUR,3
33,NaiveGreedyGraphColoringHeuristic,2
33,MultiStartGreedyGraphColoringHeuristic,3
33,DSATUR,2
34,NaiveGreedyGraphColoringHeuristic,2
34,MultiStartGreedyGraphColoringHeuristic,3
34,DSATUR,2
35,NaiveGreedyGraphColoringHeuristic,3
35,MultiStartGreedyGraphColoringHeuristic,3
35,DSATUR,3
36,NaiveGreedyGraphColoringHeuristic,3
36,MultiStartGreedyGraphColoringHeuristic,3
36,DSATUR,3
37,NaiveGreedyGraphColoringHeuristic,2
37,MultiStartGreedyGraphColoringHeuristic,3
37,DSATUR,2
38,NaiveGreedyGraphColoringHeuristic,3
38,MultiStartGreedyGraphColoringHeuristic,3
38,DSATUR,3
39,NaiveGreedyGraphColoringHeuristic,2
39,MultiStartGreedyGraphColoringHeuristic,3
39,DSATUR,2
40,NaiveGreedyGraphColoringHeuristic,3
40,MultiStartGreedyGraphColoringHeuristic,3
40,DSATUR,3
41,NaiveGreedyGraphColoringHeuristic,3
41,MultiStartGreedyGraphColoringHeuristic,3
41,DSATUR,3
42,NaiveGreedyGraphColoringHeuristic,3
42,MultiStartGreedyGraphColoringHeuristic,3
42,DSATUR,3
43,NaiveGreedyGraphColoringHeuristic,3
43,MultiStartGreedyGraphColoringHeuristic,3
43,DSATUR,3
44,NaiveGreedyGraphColoringHeuristic,3
44,MultiStartGreedyGraphColoringHeuristic,3
44,DSATUR,3
45,NaiveGreedyGraphColoringHeuristic,2
45,MultiStartGreedyGraphColoringHeuristic,3
45,DSATUR,2
46,NaiveGreedyGraphColoringHeuristic,2
46,MultiStartGreedyGraphColoringHeuristic,3
46,DSATUR,2
47,NaiveGreedyGraphColoringHeuristic,3
47,MultiStartGreedyGraphColoringHeuristic,3
47,DSATUR,3
48,NaiveGreedyGraphColoringHeuristic,3
48,MultiStartGreedyGraphColoringHeuristic,3
48,DSATUR,3
49,NaiveGreedyGraphColoringHeuristic,2
49,MultiStartGreedyGraphColoringHeuristic,3
49,DSATUR,2
50,NaiveGreedyGraphColoringHeuristic,3
50,MultiStartGreedyGraphColoringHeuristic,3
50,DSATUR,3
51,NaiveGreedyGraphColoringHeuristic,3
51,MultiStartGreedyGraphColoringHeuristic,3
51,DSATUR,3
52,NaiveGreedyGraphColoringHeuristic,3
52,MultiStartGreedyGraphColoringHeuristic,3
52,DSATUR,3
53,NaiveGreedyGraphColoringHeuristic,3
53,MultiStartGreedyGraphColoringHeuristic,3
53,DSATUR,3
54,NaiveGreedyGraphColoringHeuristic,2
54,MultiStartGreedyGraphColoringHeuristic,3
54,DSATUR,2
55,NaiveGreedyGraphColoringHeuristic,2
55,MultiStartGreedyGraphColoringHeuristic,3
55,DSATUR,2
56,NaiveGreedyGraphColoringHeuristic,2
56,MultiStartGreedyGraphColoringHeuristic,3
56,DSATUR,2
57,NaiveGreedyGraphColoringHeuristic,3
57,MultiStartGreedyGraphColoringHeuristic,3
57,DSATUR,3
58,NaiveGreedyGraphColoringHeuristic,3
58,MultiStartGreedyGraphColoringHeuristic,3
58,DSATUR,3
59,NaiveGreedyGraphColoringHeuristic,3
59,MultiStartGreedyGraphColoringHeuristic,3
59,DSATUR,3
60,NaiveGreedyGraphColoringHeuristic,3
60,MultiStartGreedyGraphColoringHeuristic,3
60,DSATUR,3
61,NaiveGreedyGraphColoringHeuristic,2
61,MultiStartGreedyGraphColoringHeuristic,3
61,DSATUR,2
62,NaiveGreedyGraphColoringHeuristic,3
62,MultiStartGreedyGraphColoringHeuristic,3
62,DSATUR,3
63,NaiveGreedyGraphColoringHeuristic,3
63,MultiStartGreedyGraphColoringHeuristic,3
63,DSATUR,3
64,NaiveGreedyGraphColoringHeuristic,2
64,MultiStartGreedyGraphColoringHeuristic,3
64,DSATUR,2
65,NaiveGreedyGraphColoringHeuristic,2
65,MultiStartGreedyGraphColoringHeuristic,3
65,DSATUR,2
66,NaiveGreedyGraphColoringHeuristic,3
66,MultiStartGreedyGraphColoringHeuristic,3
66,DSATUR,3
67,NaiveGreedyGraphColoringHeuristic,2
67,MultiStartGreedyGraphColoringHeuristic,3
67,DSATUR,2
68,NaiveGreedyGraphColoringHeuristic,2
68,MultiStartGreedyGraphColoringHeuristic,3
68,DSATUR,2
69,NaiveGreedyGraphColoringHeuristic,3
69,MultiStartGreedyGraphColoringHeuristic,3
69,DSATUR,3
70,NaiveGreedyGraphColoringHeuristic,2
70,MultiStartGreedyGraphColoringHeuristic,3
70,DSATUR,2
71,NaiveGreedyGraphColoringHeuristic,2
71,MultiStartGreedyGraphColoringHeuristic,3
71,DSATUR,2
72,NaiveGreedyGraphColoringHeuristic,3
72,MultiStartGreedyGraphColoringHeuristic,3
72,DSATUR,3
73,NaiveGreedyGraphColoringHeuristic,2
73,MultiStartGreedyGraphColoringHeuristic,3
73,DSATUR,2
74,NaiveGreedyGraphColoringHeuristic,3
74,MultiStartGreedyGraphColoringHeuristic,3
74,DSATUR,3
75,NaiveGreedyGraphColoringHeuristic,3
75,MultiStartGreedyGraphColoringHeuristic,3
75,DSATUR,3
76,NaiveGreedyGraphColoringHeuristic,2
76,MultiStartGreedyGraphColoringHeuristic,3
76,DSATUR,2
77,NaiveGreedyGraphColoringHeuristic,2
77,MultiStartGreedyGraphColoringHeuristic,3
77,DSATUR,2
78,NaiveGreedyGraphColoringHeuristic,3
78,MultiStartGreedyGraphColoringHeuristic,3
78,DSATUR,3
79,NaiveGreedyGraphColoringHeuristic,2
79,MultiStartGreedyGraphColoringHeuristic,3
79,DSATUR,2
80,NaiveGreedyGraphColoringHeuristic,2
80,MultiStartGreedyGraphColoringHeuristic,3
80,DSATUR,2
81,NaiveGreedyGraphColoringHeuristic,2
81,MultiStartGreedyGraphColoringHeuristic,3
81,DSATUR,2
82,NaiveGreedyGraphColoringHeuristic,2
82,MultiStartGreedyGraphColoringHeuristic,3
82,DSATUR,2
83,NaiveGreedyGraphColoringHeuristic,2
83,MultiStartGreedyGraphColoringHeuristic,3
83,DSATUR,2
84,NaiveGreedyGraphColoringHeuristic,2
84,MultiStartGreedyGraphColoringHeuristic,3
84,DSATUR,2
85,NaiveGreedyGraphColoringHeuristic,2
85,MultiStartGreedyGraphColoringHeuristic,3
85,DSATUR,2
86,NaiveGreedyGraphColoringHeuristic,2
86,MultiStartGreedyGraphColoringHeuristic,3
86,DSATUR,2
87,NaiveGreedyGraphColoringHeuristic,3
87,MultiStartGreedyGraphColoringHeuristic,3
87,DSATUR,3
88,NaiveGreedyGraphColoringHeuristic,2
88,MultiStartGreedyGraphColoringHeuristic,3
88,DSATUR,2
89,NaiveGreedyGraphColoringHeuristic,2
89,MultiStartGreedyGraphColoringHeuristic,3
89,DSATUR,2
90,NaiveGreedyGraphColoringHeuristic,3
90,MultiStartGreedyGraphColoringHeuristic,3
90,DSATUR,3
91,NaiveGreedyGraphColoringHeuristic,3
91,MultiStartGreedyGraphColoringHeuristic,3
91,DSATUR,3
92,NaiveGreedyGraphColoringHeuristic,3
92,MultiStartGreedyGraphColoringHeuristic,3
92,DSATUR,3
93,NaiveGreedyGraphColoringHeuristic,2
93,MultiStartGreedyGraphColoringHeuristic,3
93,DSATUR,2
94,NaiveGreedyGraphColoringHeuristic,3
94,MultiStartGreedyGraphColoringHeuristic,3
94,DSATUR,3
95,NaiveGreedyGraphColoringHeuristic,3
95,MultiStartGreedyGraphColoringHeuristic,3
95,DSATUR,3
96,NaiveGreedyGraphColoringHeuristic,3
96,MultiStartGreedyGraphColoringHeuristic,3
96,DSATUR,3
97,NaiveGreedyGraphColoringHeuristic,3
97,MultiStartGreedyGraphColoringHeuristic,3
97,DSATUR,3
98,NaiveGreedyGraphColoringHeuristic,3
98,MultiStartGreedyGraphColoringHeuristic,3
98,DSATUR,3
99,NaiveGreedyGraphColoringHeuristic,3
99,MultiStartGreedyGraphColoringHeuristic,3
99,DSATUR,3
100,NaiveGreedyGraphColoringHeuristic,3
100,MultiStartGreedyGraphColoringHeuristic,3
100,DSATUR,3
